use bookstore;
insert into `books` values 
('9785170905430', 'Чуб земли','Макс Фрай','Фентези','2018', '402.00','150'),
('9785170924554', 'Неуловимый Хабба Хэн','Макс Фрай','Фентези','2018', '450.00','200'),
('9785170923212', 'Властелин Морморы','Макс Фрай','Фентези','2018', '405.00','150'),
('9785170924561', 'Ворона на мосту','Макс Фрай','Фентези','2018', '390.00','145'),
('9785170786961', 'Властелин колец','Джон Р.Р.Толкин','Фентези','2013', '748.50','85'),
('9785170738472', 'Полная история Средиземья','Джон Р.Р.Толкин','Фентези','2013', '986.00','50'),
('9785941422306', 'Личный ребрендинг','Т.Мужицкая','Саморазвитие','2013', '250.00','102'),
('9785769548789', 'Психология общения','В.А.Горянина','Психология','2004', '358.50','77'),
('9785498075808', 'Психология лжи','Пол Экман','Психология','2010', '500.00','325'),
('9785988571230', 'Рунические практики','Светлана Некрасова','Эзотерика','2008', '215.00','60'),
('9785942787468', 'Молот ведьм','Яков Шпренгер','Эзотерика','2005', '268.00','50'),
('9785928707088', 'Сонник','Г.Х.Миллер','Эзотерика','2004', '160.00','25');

INSERT INTO `clients` VALUES ('1','Марселина Хоуп','2005-03-19','marcelina.hoppe@example.net','dubuque.mossie','e5a043773a67fb8c0fcdc5e295d687509e0c7d1c','4934539883228389','0'),
('2','Иосиф Блумач','1985-03-30','friesen.toni@example.com','cole.shaun','56f9f99f963fc0f0dc67180188dcb50509c6e9f2','4024007111132','15'),
('3','Элеонора Федотова','1972-09-10','elenora49@example.org','grayson56','f40e6b02bf051d5a026dae5422e6f2a324cae7cb','4916041015092394','5'),
('4','Егор Шастун','1994-10-01','rocky65@example.com','rebeka03','762b2918ab17b939d32f6290d09326c31f3d36a0','5416317396757656','0'),
('5','Николай Джаллибов','1987-03-08','nikolaus.jordon@example.com','ivah18','8f155bb9178d199ed655b253e783d89ce52c49ba','5405493198341772','25'),
('6','Анна-Мария Грант','1970-04-12','amalia.grant@example.net','annamarie.ankunding','dabafe900dc0b5226bc3c1263b9eb77bd959eaf5','377007879790721','10'),
('7','Ольга Байцова','1974-05-09','obie88@example.com','maurine.wehner','0de6e01842387411233f8785ea6dae0b1d8d80d0','340815543579308','0'),
('8','Eлисей Ховенцов','1988-07-11','ehowe@example.com','lgreen','60eeac1807c35a33c2d1e47477af507c17359469','5166295782019827','10'),
('9','Инесса Ким','2006-10-13','bins.kurt@example.org','doug.senger','bceb0d1f4eca24c4f2c61d046478a62e1f31b44f','4716478251497228','15'),
('10','Григорий Вутц','2002-12-06','lueilwitz.jack@example.com','sonya.stanton','f4f04f216d6d7548e9943171372639aa76085255','5275783236827135','0'),
('11','Матвей Брейтенберг','2003-01-25','ruben27@example.org','vbreitenberg','43e6b63325711621136c2f653c276c2199240e74','4556679341670886','5'),
('12','Мария Шерман','1994-01-30','hilll.lucienne@example.com','sherman46','e359de3ce69323e1d0f958c67fe56245e6bb6bc3','4916606818295805','5'),
('13','Герман Фоменко','2000-07-31','herminia.kreiger@example.com','fkirlin','a1586c7d02475b62e0a375ba11b73360f08d6e27','5484951236587168','0'),
('14','Анна Земляк','1995-01-09','vhickle@example.org','shanna.zemlak','beaa629a8938d58136412083060d83b87c410076','5534776066385728','10'),
('15','Михаил Подобедов','2004-10-03','michele.mosciski@example.net','gbeer','adf8c93f8d73ad9b7234a6847b304f871265de57','342564896224129','0'); 

INSERT INTO `spaces` VALUES ('1','Хорошевское Шоссе, дом 62','warehouse'),
('2','Студенческая Ул., дом 23/А','store'),
('3','Вадковский Пер., дом 20','store'),
('4','Горького, дом 58','store'),
('5','Пограничная, дом 26','store'); 

INSERT INTO `employees` VALUES ('1','Екатерина Волкова','1988-11-05','бухгалтер','9549665964','2','27000.00'),
('2','Даниил Коваленко','2001-06-27','сотрудник склада','9656062935','1','22500.00'),
('3','Mаксим Шульц','1983-05-23','директор','9853452022','3','60000.00'),
('4','Эвелина Скворцова','1993-12-30','администратор','9691120466','2','35700.00'),
('5','Никита Алексеев','1991-11-01','продавец','9776487598','3','32500.00'),
('6','Галина Зорина','1970-04-21','бухгалтер','9766636193','5','40000.00'),
('7','Виктор Попов','2000-12-05','продавец','9672794202','4','22000.07'),
('8','Константин Южаков','1997-11-16','менеджер склада','9720764558','1','31800.00'),
('9','Марина Михайлова','1988-08-21','администратор','9544270713','4','42000.40'),
('10','Наталья Бычкова','1982-10-06','бухгалтер','9493873883','1','44500.00'),
('11','Кристина Ермилова','1988-06-30','администратор','9735451-42','3','35000.00'),
('12','Николай Чудин','2000-10-17','продавец','9778741593','3','23500.00'),
('13','Нелли Акопян','1972-10-29','продавец','9241849699','2','20450.00'),
('14','Михаил Виноградов','2004-07-04','администратор','9258467952','5','38600.00'),
('15','Светлана Новицкая','1972-12-07','продавец','9771136485','5','17850.00'); 

INSERT INTO `orders` VALUES ('1','1','7','2019-12-07 13:28:27','Горького, дом 28','2019-12-06','0.00','99999.99','delivered','4','1647.00'),
('2','2','8','2019-09-07 21:50:35','Молостовых, 5','2019-09-10','300.00','2040.00','delivered','2','858.50'),
('3','5','13','2019-09-07 17:50:35','Студенческая Ул., дом 23/А','2019-09-07','0.00','1972.00','delivered','2','1972.00'),
('4','3','8','2020-05-27 10:17:21','26-Бакинских Комиссаров,15','2020-06-04','300.00','268.00','in_delivery','1','268.00'),
('5','4','8','2020-06-01 17:35:23','Новикова, 34','2020-06-09','0.00','2010.00','accepted','5','2010.00'),
('6','5','8','2020-05-30 22:04:09','Станиславского, 9','2020-06-10','300.00','570.00','paid','3','570.00'); 

INSERT INTO `cheque` VALUES ('1','2019-12-07 13:28:27','1','10'),
('2','2019-09-10 12:55:47','2','10'),
('3','2019-09-07 17:50:35','3','10'),
('4','2020-05-30 22:04:09','6','10'); 

INSERT INTO `requests` VALUES ('1','2','2019-07-09','2019-07-13'),
('2','3','2019-08-27','2019-08-31'),
('3','4','2019-10-01','2019-10-06'),
('4','5','2019-10-04','2019-10-09'),
('5','3','2020-01-10','2020-01-14'),
('6','5','2020-02-10','2020-02-15'),
('7','4','2020-03-14','2020-03-23'),
('8','2','2020-03-30','2020-04-05'),
('9','3','2020-05-29','2003-06-01'),
('10','5','2020-05-30','2020-06-04'); 

INSERT INTO `supplies` VALUES ('1','Амфора','1','50000.00','2019-06-28'),
('2','Книги для всех','2','35000.00','2019-08-02'),
('3','АСТ','3','155325.00','2019-09-16'),
('4','Лабиринт пресс','4','49765.00','2019-12-23'),
('5','Амфора','5','65700.00','2020-01-12'),
('6','Фантастика','1','251025.75','2020-02-02'),
('7','АСТ','2','264003.00','2020-04-30'),
('8','Росмэн','3','148500.00','2020-05-16'),
('9','АСТ','4','205678.30','2020-05-23'); 

INSERT INTO `spaces_has_books` VALUES ('1','1','9785170905430','150'),
('2','2','9785170905430','0'),
('3','3','9785170905430','0'),
('4','4','9785170905430','0'),
('5','5','9785170905430','0'),
('6','1','9785170924554','200'),
('7','2','9785170924554','0'),
('8','3','9785170924554','0'),
('9','4','9785170924554','0'),
('10','5','9785170924554','0'),
('11','1','9785170923212','150'),
('12','2','9785170923212','0'),
('13','3','9785170923212','0'),
('14','4','9785170923212','0'),
('15','5','9785170923212','0'),
('16','1','9785170924561','145'),
('17','2','9785170924561','0'),
('18','3','9785170924561','0'),
('19','4','9785170924561','0'),
('20','5','9785170924561','0'),
('21','1','9785170786961','85'),
('22','2','9785170786961','0'),
('23','3','9785170786961','0'),
('24','4','9785170786961','0'),
('25','5','9785170786961','0'),
('26','1','9785170738472','50'),
('27','2','9785170738472','0'),
('28','3','9785170738472','0'),
('29','4','9785170738472','0'),
('30','5','9785170738472','0'),
('32','1','9785941422306','102'),
('33','2','9785941422306','0'),
('34','3','9785941422306','0'),
('35','4','9785941422306','0'),
('36','5','9785941422306','0'),
('37','1','9785769548789','77'),
('38','2','9785769548789','0'),
('39','3','9785769548789','0'),
('40','4','9785769548789','0'),
('41','5','9785769548789','0'),
('42','1','9785498075808','325'),
('43','2','9785498075808','0'),
('44','3','9785498075808','0'),
('45','4','9785498075808','0'),
('46','5','9785498075808','0'),
('47','1','9785988571230','60'),
('48','2','9785988571230','0'),
('49','3','9785988571230','0'), 
('50','4','9785988571230','0'), 
('51','5','9785988571230','0'); 

INSERT INTO `employees_has_requests` VALUES ('1','4','1'),
('2','11','2'),
('3','9','3'),
('4','14','4'),
('5','4','5'),
('6','11','6'),
('7','9','7'),
('8','4','8'),
('9','11','9'),
('10','14','10'); 

INSERT INTO `books_has_orders` VALUES ('1','9785170905430','1','1','402.00'),
('2','9785170924554','1','1','450.00'),
('3','9785170923212','1','1','405.00'),
('4','9785170924561','1','1','390.00'),
('5','9785769548789','2','1','358.50'),
('6','9785498075808','2','1','500.00'),
('7','9785170738472','3','2','1972.00'),
('8','9785942787468','4','1','268.00'),
('9','9785170905430','5','5','2010.00'),
('10','9785928707088','6','2','320.00'), 
('11','9785941422306','6','1','250.00'); 
